slope,elevation,rainfall_7d,temperature,vibration_mean,vibration_max,spikes,risk
19.14,1126.0,9.03,16.8,0.41,2.38,2,1
39.97,1784.0,31.94,24.3,0.72,3.81,0,0
32.83,1859.0,123.85,28.2,0.42,0.64,2,1
14.94,1000.0,114.44,26.1,0.43,2.77,3,0
24.21,1737.0,19.19,33.3,0.36,0.65,2,0
46.51,566.0,62.1,20.9,0.52,1.34,0,0
5.73,1399.0,98.54,29.0,0.5,0.84,4,0
25.71,933.0,95.7,11.9,0.53,1.12,2,0
42.66,1096.0,14.91,26.1,0.52,2.75,2,0
21.33,862.0,90.4,18.5,0.19,2.12,3,0
23.21,1777.0,55.69,19.0,0.63,0.5,1,1
29.05,1777.0,127.95,29.7,0.22,0.5,2,0
44.91,1154.0,71.99,26.8,0.44,3.63,2,1
23.61,1688.0,94.37,18.8,0.75,0.5,3,1
25.56,1631.0,75.64,37.9,0.62,3.78,1,0
25.66,1436.0,106.66,28.8,0.81,1.05,1,0
52.06,2579.0,49.28,16.9,0.4,2.06,1,0
51.87,1080.0,106.73,3.0,0.39,2.27,2,0
40.04,1507.0,128.36,21.9,0.74,1.42,1,1
33.86,1309.0,153.42,17.3,0.53,2.68,2,0
37.37,1314.0,143.35,15.6,0.92,1.71,2,1
44.91,1580.0,58.56,16.5,0.32,0.95,1,0
20.64,1353.0,103.09,21.1,0.65,1.05,3,0
41.76,1070.0,112.3,29.2,0.63,1.61,4,0
17.46,1562.0,103.6,13.1,0.74,3.91,3,0
23.62,2091.0,110.14,19.5,0.62,2.02,1,0
39.07,1971.0,96.96,18.6,0.64,1.27,1,1
15.71,1602.0,58.19,14.2,0.54,0.53,1,0
28.6,1132.0,88.28,22.0,0.7,1.95,2,0
21.38,1593.0,113.87,32.4,0.41,1.35,2,1
27.44,2042.0,98.46,24.3,0.69,0.5,2,1
5.0,2096.0,36.15,20.5,0.88,2.62,2,1
12.28,1680.0,44.9,16.9,0.36,2.93,1,0
23.0,1318.0,63.63,20.3,0.64,2.64,5,0
39.27,1399.0,71.81,8.0,0.59,4.2,1,1
28.26,1886.0,86.29,19.6,0.31,2.49,3,0
30.03,1843.0,40.92,18.6,0.52,1.64,3,1
36.88,621.0,111.8,23.3,0.68,2.67,1,1
21.2,1829.0,5.7,26.6,0.65,3.0,6,0
32.84,1856.0,101.15,25.2,0.33,1.9,4,0
21.95,1056.0,100.26,19.1,0.56,2.33,4,1
12.72,1118.0,105.76,16.4,0.6,1.87,1,1
26.09,1121.0,0.0,15.6,0.68,3.66,4,0
35.74,1160.0,26.03,14.5,0.51,3.54,4,1
33.39,792.0,65.89,15.7,0.39,1.74,1,0
29.88,1657.0,86.73,19.1,0.72,1.07,1,0
53.92,1107.0,76.74,11.5,0.29,1.9,0,0
34.13,1465.0,47.45,23.1,0.37,0.5,2,0
39.79,1251.0,131.32,19.2,0.65,2.94,1,0
52.38,1628.0,92.96,14.2,0.57,3.08,3,0
17.06,995.0,64.21,15.5,0.53,0.78,2,0
19.61,1623.0,40.5,25.9,0.34,3.03,1,1
47.44,1695.0,82.73,26.3,0.68,1.74,4,0
22.02,1914.0,130.35,36.7,0.62,4.27,3,0
30.3,2484.0,81.41,24.0,0.89,4.84,1,0
40.69,454.0,78.72,15.3,0.64,1.74,0,0
38.91,1660.0,82.65,15.0,0.22,0.5,4,0
47.55,1145.0,84.82,22.7,0.52,3.54,1,0
44.96,537.0,70.67,25.6,0.48,4.14,4,1
40.69,1921.0,41.09,29.9,0.47,2.95,1,0
22.27,2166.0,141.16,13.9,0.46,2.05,2,1
37.95,1304.0,105.5,20.7,0.53,3.36,2,1
33.14,1605.0,164.69,11.9,0.35,0.64,3,0
16.74,1468.0,99.9,22.7,0.18,3.33,2,0
44.17,1717.0,70.75,12.9,0.58,1.15,0,0
38.07,1940.0,42.17,30.2,0.72,1.77,0,0
30.45,1672.0,66.8,14.6,0.59,3.56,0,0
27.67,1673.0,33.88,24.3,0.56,3.52,2,0
18.02,2130.0,163.91,21.1,0.35,1.82,2,0
32.0,1418.0,79.32,20.3,0.67,1.23,1,0
34.68,1962.0,111.44,7.4,0.11,2.17,2,0
21.69,1089.0,118.48,19.4,0.91,0.94,1,1
41.62,2304.0,123.24,13.1,0.39,3.46,2,1
19.03,1869.0,181.91,15.9,0.64,1.2,1,0
8.77,1298.0,76.18,23.4,0.41,0.79,3,0
40.4,443.0,72.73,39.0,0.52,3.05,2,0
25.97,1500.0,86.58,33.3,0.43,2.43,2,0
28.74,909.0,109.94,23.6,0.1,1.28,4,0
21.62,1650.0,87.16,22.7,0.63,1.35,2,0
13.94,2226.0,69.25,17.5,0.29,1.74,2,0
42.55,1580.0,51.36,13.0,0.27,0.92,1,0
23.11,1411.0,49.03,23.1,0.4,2.21,2,1
46.61,1671.0,90.78,16.9,0.44,1.76,1,0
38.07,1643.0,40.04,32.3,0.57,0.5,2,0
26.85,319.0,7.44,35.0,0.4,1.5,1,0
19.14,1620.0,84.61,35.0,1.04,3.71,1,1
22.68,1810.0,126.51,15.6,0.19,0.88,0,0
17.87,1370.0,106.47,16.4,0.43,1.29,3,0
50.87,1989.0,79.28,11.5,0.6,1.52,0,0
31.64,1436.0,96.12,24.5,0.72,1.87,1,0
41.5,1883.0,14.12,14.0,0.63,0.5,1,0
17.33,2637.0,52.41,15.8,0.67,1.06,2,0
31.81,1452.0,147.12,13.8,0.36,1.77,2,0
41.78,529.0,127.36,16.1,0.62,2.74,1,1
26.65,1332.0,51.54,31.6,0.76,2.61,1,0
40.31,637.0,150.17,2.7,0.6,2.29,0,1
19.15,1806.0,51.28,23.7,0.98,2.3,2,0
16.37,2155.0,47.07,14.4,0.49,0.83,2,0
33.79,1848.0,141.44,36.4,0.43,0.5,2,1
26.21,1660.0,132.31,25.8,0.16,0.5,0,0
36.42,1178.0,56.46,12.9,0.41,2.43,1,1
10.22,2288.0,78.04,15.7,0.6,2.57,8,1
37.12,1877.0,66.33,16.0,0.68,0.83,2,0
55.98,1642.0,100.17,28.1,0.78,4.01,2,1
29.75,1602.0,142.7,31.9,0.54,3.97,3,0
30.34,1556.0,101.29,21.1,0.39,0.96,1,0
31.8,1726.0,75.44,19.0,0.24,2.11,0,0
11.38,1193.0,26.15,27.3,0.46,3.29,4,0
34.26,2263.0,111.12,20.2,0.29,3.79,2,0
13.95,1576.0,31.08,23.3,0.46,2.27,1,1
25.72,1800.0,72.51,21.5,0.22,1.42,2,0
42.43,1283.0,118.33,14.5,0.43,2.7,3,0
22.65,1687.0,112.45,29.5,0.37,2.61,2,0
35.01,359.0,113.55,15.9,0.7,4.07,3,1
40.13,941.0,107.96,33.6,0.27,2.92,3,1
32.79,1484.0,85.83,28.3,0.16,2.6,4,0
16.29,839.0,92.09,21.4,0.66,1.96,1,0
26.68,2720.0,83.68,11.3,0.8,2.65,2,0
49.59,666.0,99.3,31.7,0.65,0.5,5,1
9.75,1673.0,101.41,22.2,0.47,2.32,2,1
27.24,2328.0,85.33,26.3,0.33,2.78,3,0
24.48,1741.0,100.55,30.3,0.46,0.5,3,0
31.21,1345.0,52.61,12.2,0.42,0.74,3,0
37.48,1224.0,67.72,22.5,0.26,0.5,1,0
46.09,1837.0,89.22,17.4,0.5,2.64,0,0
27.3,1100.0,156.94,22.2,0.76,2.98,2,1
38.12,1440.0,101.16,23.2,0.67,0.5,5,1
35.0,1846.0,74.61,8.4,0.57,1.64,0,1
34.74,1346.0,71.19,18.4,0.49,0.8,3,0
24.36,1544.0,109.77,20.6,0.3,2.66,0,1
20.03,1348.0,76.11,11.2,0.72,0.84,0,0
19.0,1015.0,105.5,14.9,0.21,0.93,5,0
22.44,2095.0,100.46,20.9,0.1,2.5,3,1
33.22,2197.0,30.16,24.8,0.49,4.79,2,1
37.61,1342.0,98.91,19.0,0.42,1.02,2,1
33.23,1367.0,98.62,15.1,0.43,1.19,0,1
24.51,1411.0,111.87,13.0,0.65,1.64,4,0
48.06,1769.0,46.52,17.5,0.61,2.7,1,0
45.19,1047.0,123.76,14.4,0.63,2.22,2,1
26.46,1456.0,73.33,24.2,0.72,1.23,1,0
21.77,1631.0,159.53,21.8,0.25,1.45,3,0
31.3,1821.0,150.1,15.4,0.85,1.34,1,0
42.67,200.0,55.68,21.6,0.33,0.68,3,0
33.33,1702.0,25.23,36.3,0.56,3.2,2,0
35.57,1673.0,107.89,25.3,0.87,1.56,1,0
27.88,2004.0,47.2,21.8,0.83,2.62,0,0
34.56,1237.0,125.9,25.0,0.78,1.26,1,0
45.45,1241.0,101.19,28.8,0.5,2.13,2,0
27.6,2101.0,21.86,9.4,0.21,3.28,2,0
31.43,718.0,111.28,17.0,0.29,3.78,2,0
32.54,2315.0,85.49,15.7,0.44,3.16,2,1
32.84,2778.0,96.48,15.5,0.36,0.91,0,1
15.88,1739.0,140.96,34.8,0.36,0.5,1,1
11.23,1907.0,74.8,23.6,0.45,1.97,0,1
19.8,755.0,110.32,27.8,0.37,2.6,1,1
31.68,1153.0,56.06,22.1,0.4,4.06,2,0
35.54,2029.0,57.05,39.3,0.52,1.9,3,0
24.69,1681.0,71.27,5.9,0.3,2.96,2,0
43.77,1409.0,55.18,16.6,0.64,2.34,3,0
28.57,1616.0,102.71,16.9,0.69,0.54,2,0
30.2,1753.0,27.06,17.6,0.41,2.78,2,0
28.06,1353.0,113.18,26.4,0.5,1.85,3,0
31.34,1486.0,49.54,20.6,0.8,3.04,5,0
37.04,1482.0,95.11,24.6,0.66,0.5,4,1
36.66,974.0,32.5,27.3,0.82,2.98,4,0
21.02,1662.0,99.11,21.6,0.65,1.86,3,0
45.24,2402.0,123.36,25.1,0.71,1.39,4,1
19.05,2366.0,80.39,16.9,0.39,3.89,2,1
30.79,762.0,141.95,15.5,0.49,2.99,4,1
27.26,1785.0,74.4,13.8,0.35,2.97,4,1
19.51,1838.0,96.45,20.6,0.52,1.84,1,1
29.25,1295.0,42.98,13.3,0.61,0.61,1,0
22.59,1018.0,97.54,12.5,0.55,0.5,2,0
30.73,840.0,57.27,24.6,0.2,1.61,2,1
34.03,1278.0,51.18,13.5,0.34,0.5,2,0
44.72,1675.0,143.2,24.0,0.26,1.43,1,1
33.07,1421.0,29.19,17.7,0.56,1.95,2,0
23.89,1195.0,75.41,15.9,0.42,1.58,2,0
26.08,875.0,108.51,26.4,0.55,2.24,2,0
31.4,1675.0,89.36,26.9,0.1,0.5,1,0
30.93,2033.0,6.11,21.5,0.52,2.95,3,0
44.6,1037.0,104.16,29.9,0.3,1.86,1,0
43.95,1724.0,24.84,8.2,0.64,2.69,0,0
26.41,560.0,62.27,27.6,0.65,1.56,1,1
24.51,1171.0,70.23,14.4,0.61,1.83,1,0
5.0,1865.0,0.0,18.4,0.69,0.67,1,0
24.51,941.0,75.76,22.5,0.66,2.29,4,0
20.22,1198.0,106.64,15.1,0.4,1.14,1,0
26.45,2209.0,73.2,19.7,0.21,2.3,2,1
33.92,1134.0,87.4,17.0,0.64,3.03,1,1
31.77,1073.0,170.47,18.4,0.56,2.2,2,0
29.7,1788.0,125.02,34.7,0.1,4.35,0,0
32.0,2477.0,82.38,7.0,0.16,2.51,2,0
28.74,1380.0,183.48,18.5,0.24,1.94,1,0
31.97,1884.0,54.55,22.7,0.48,2.24,2,0
5.0,2173.0,100.79,12.1,0.22,2.21,3,0
27.31,1663.0,16.94,18.8,0.63,2.77,2,0
28.89,1365.0,95.93,22.1,0.4,1.3,1,0
26.59,1062.0,75.54,22.5,0.81,2.42,4,0
27.82,787.0,82.43,25.8,0.59,0.89,2,0
37.03,2056.0,94.82,27.7,0.47,2.17,2,1
24.02,1590.0,91.2,17.7,0.58,2.79,4,0
52.01,2166.0,37.09,20.6,0.31,3.06,1,0
36.88,1994.0,64.67,10.1,0.79,1.56,2,1
29.94,1192.0,80.24,19.6,0.71,3.45,4,0
27.93,907.0,22.83,9.8,0.55,1.74,0,1
29.13,1706.0,112.1,20.1,0.89,0.56,3,0
20.85,1184.0,155.32,25.8,0.21,2.14,5,1
29.05,1688.0,92.14,22.9,0.66,2.88,5,1
32.79,1134.0,58.89,20.6,0.74,1.16,4,0
35.8,1069.0,0.0,25.6,0.6,0.5,0,0
35.8,1430.0,19.16,27.5,0.47,2.0,2,0
27.25,1967.0,93.57,14.2,0.1,1.88,0,1
15.84,1653.0,130.5,28.3,0.72,1.06,2,1
23.31,2089.0,71.2,14.7,0.41,3.6,4,0
46.12,883.0,20.51,16.9,0.49,2.98,4,0
38.96,971.0,45.16,25.1,0.7,3.21,0,1
33.7,1455.0,57.11,21.2,0.7,0.5,4,1
22.39,2583.0,2.7,19.8,0.27,1.66,1,0
30.04,1837.0,67.58,21.2,0.3,1.42,1,0
17.44,967.0,115.7,29.2,0.36,1.55,1,0
24.48,1462.0,12.73,20.5,0.64,3.23,1,1
27.55,1610.0,57.61,25.2,0.72,1.32,5,0
26.38,1216.0,0.0,25.0,0.6,1.23,3,1
39.57,1807.0,47.23,34.6,0.41,3.24,0,0
15.81,1422.0,74.08,29.7,0.47,4.16,5,0
21.35,1350.0,120.85,24.9,0.78,3.56,1,1
16.25,2130.0,98.23,25.0,0.28,0.92,2,0
17.63,645.0,32.66,21.2,0.66,0.5,6,0
31.24,1019.0,83.76,18.9,0.48,1.07,3,0
14.0,1091.0,66.64,19.9,0.6,1.84,2,0
37.54,1076.0,79.49,20.2,0.51,2.39,0,0
27.53,1136.0,72.02,16.9,0.71,1.39,5,0
30.69,1744.0,92.53,17.1,0.61,3.38,3,0
33.23,2048.0,87.24,19.6,0.51,2.69,1,0
25.66,1958.0,114.66,17.7,0.95,2.01,5,0
40.32,990.0,84.66,18.6,0.75,0.5,3,0
28.06,1446.0,147.6,18.8,0.55,3.39,0,1
35.94,1726.0,100.77,26.3,0.66,1.95,0,0
28.01,1620.0,139.13,25.5,0.52,0.5,1,1
32.91,2153.0,108.81,27.2,0.36,3.47,1,0
32.8,1162.0,53.09,28.7,0.16,4.27,1,0
32.5,1578.0,129.72,15.0,0.91,1.73,3,0
20.26,1303.0,127.37,20.2,0.41,0.78,3,0
34.36,1626.0,0.0,22.1,0.62,3.34,1,0
26.81,961.0,58.06,23.1,0.75,3.72,1,0
36.3,1036.0,137.71,23.6,0.41,2.85,1,1
8.48,1135.0,122.18,29.9,0.44,0.5,2,0
15.35,1218.0,21.58,16.2,0.6,1.23,1,0
33.63,2274.0,114.35,21.6,0.61,0.91,1,0
48.63,2088.0,149.09,11.5,0.51,2.68,1,1
38.35,1394.0,104.27,22.9,0.29,3.77,3,0
23.18,1586.0,20.97,8.9,0.76,2.01,0,1
13.08,703.0,48.65,22.5,0.65,1.81,0,0
37.43,1410.0,96.02,28.7,0.54,0.5,2,0
29.19,1580.0,71.38,24.4,0.66,0.5,0,0
35.91,2073.0,131.11,12.6,0.1,2.01,4,1
31.15,1663.0,109.25,14.6,0.51,3.72,0,1
30.3,1716.0,158.53,24.3,0.42,1.41,1,0
59.59,1649.0,120.82,19.2,0.11,1.3,0,1
29.94,1635.0,102.1,4.8,0.61,0.69,2,0
28.41,802.0,67.43,29.9,0.3,0.5,2,0
28.79,1292.0,136.18,21.3,0.78,3.15,1,1
24.16,2217.0,80.22,10.0,0.47,1.7,1,1
39.9,1912.0,38.96,21.6,0.63,2.99,2,1
26.46,1747.0,81.93,35.5,0.38,0.5,1,0
36.36,1533.0,76.33,19.0,0.66,1.57,3,0
32.85,1830.0,40.26,18.9,0.78,3.8,1,0
42.19,1028.0,113.11,15.5,0.19,0.61,2,0
34.2,710.0,74.38,24.5,0.62,0.77,2,0
17.87,1309.0,95.82,21.8,0.17,1.85,3,1
16.74,1769.0,48.76,25.7,0.48,1.99,2,0
44.08,1554.0,73.41,14.9,0.55,2.35,4,0
23.91,2007.0,110.97,25.1,0.28,1.86,1,0
16.79,1676.0,70.13,11.8,0.43,2.07,1,0
23.3,1522.0,65.39,23.5,0.8,2.01,0,0
42.65,2164.0,167.37,14.5,0.68,0.9,0,1
15.8,2066.0,92.65,20.3,0.71,1.47,1,0
21.34,1451.0,109.33,9.1,0.83,0.5,1,0
23.33,948.0,109.85,20.7,0.44,2.22,2,0
17.49,1046.0,83.88,19.9,0.7,0.94,1,0
18.16,1419.0,101.1,9.3,0.38,2.65,1,0
14.82,1317.0,41.08,32.1,0.75,2.63,2,0
25.39,2329.0,137.93,24.4,0.27,0.5,2,0
26.45,660.0,129.88,12.4,0.33,3.0,2,0
23.17,1468.0,87.61,12.9,0.85,2.82,1,0
13.46,967.0,80.25,18.3,0.62,2.13,1,0
42.53,1558.0,30.42,16.0,0.57,0.5,1,1
16.71,1691.0,121.17,19.3,0.46,0.5,3,0
32.78,1298.0,69.8,4.8,0.42,2.95,1,0
19.25,1765.0,104.39,31.8,0.49,1.38,2,0
36.68,1401.0,22.37,15.0,0.48,2.35,2,0
39.56,1410.0,105.26,28.5,0.64,0.5,2,1
21.22,1291.0,72.99,18.8,0.84,2.57,2,1
10.76,1825.0,80.48,37.1,0.33,1.12,2,1
36.96,1569.0,23.29,26.0,0.54,1.08,2,1
48.76,2287.0,107.16,27.4,0.66,3.17,3,0
34.16,2135.0,55.5,28.4,0.44,1.56,3,0
31.61,1777.0,78.12,20.6,0.66,2.43,0,0
38.2,420.0,112.17,21.1,0.22,0.97,2,1
37.65,758.0,76.57,19.1,0.96,4.34,4,1
21.71,1993.0,159.45,22.5,0.57,1.03,4,1
23.41,1262.0,44.05,20.5,0.49,2.95,0,1
36.11,1617.0,89.62,22.5,0.36,1.37,0,0
28.56,1185.0,96.53,14.4,0.45,2.18,4,0
43.17,1759.0,39.24,17.1,0.65,1.76,2,0
22.96,1979.0,83.5,23.9,0.98,1.69,4,1
37.51,895.0,72.2,20.1,0.24,1.63,5,0
33.43,1093.0,89.03,23.4,0.48,0.91,0,0
28.74,668.0,98.15,24.7,0.28,2.47,2,0
41.76,1617.0,135.93,26.2,0.26,2.27,5,1
36.8,667.0,91.53,23.5,0.52,1.92,2,1
19.95,1317.0,101.88,18.4,0.4,3.58,0,0
36.4,1760.0,139.97,13.9,0.57,3.0,0,0
43.75,2529.0,16.63,28.1,0.64,1.16,1,0
28.7,1684.0,69.55,15.2,0.25,2.15,0,0
27.51,2126.0,81.53,20.0,0.39,3.26,1,1
23.3,1630.0,17.78,31.3,0.44,1.85,1,0
29.86,1655.0,83.07,14.4,0.1,2.02,3,0
36.86,1395.0,0.0,18.1,0.45,1.52,1,1
21.82,1308.0,108.22,20.8,0.24,1.43,0,0
16.54,2087.0,20.87,7.5,0.46,3.04,2,0
26.24,1687.0,29.95,12.5,0.49,2.26,0,1
16.2,1668.0,100.97,28.8,0.12,2.76,3,0
35.23,1196.0,13.3,23.2,0.28,2.19,2,0
25.73,1327.0,162.15,25.8,0.58,1.44,2,0
12.45,2534.0,84.66,21.8,0.68,0.73,1,0
26.51,1466.0,76.12,6.3,0.88,1.59,1,0
28.07,2163.0,128.13,12.9,0.57,2.67,4,0
34.49,1240.0,76.81,4.4,0.37,2.53,1,0
28.55,1901.0,89.63,24.5,0.32,0.5,3,0
48.69,1645.0,73.76,39.0,0.25,4.17,1,1
24.81,1298.0,59.93,9.0,0.71,1.23,2,1
29.38,1824.0,94.85,27.5,0.23,1.89,2,0
28.97,728.0,101.0,27.6,0.34,2.25,2,0
27.17,1787.0,29.07,21.3,0.47,4.0,1,0
31.42,1893.0,44.75,10.4,0.76,0.99,3,1
35.41,1637.0,53.62,13.9,0.62,1.02,1,1
43.4,2155.0,78.82,5.9,0.47,0.82,1,0
14.31,1466.0,93.83,19.1,0.63,2.27,4,0
24.9,1425.0,166.24,21.5,0.88,2.67,2,0
25.52,1678.0,91.0,25.8,0.43,2.21,0,1
39.38,1934.0,73.03,18.6,0.73,4.22,1,1
26.43,1785.0,51.4,14.1,0.62,1.59,2,0
11.05,1387.0,119.41,15.2,0.75,2.25,1,1
30.88,1002.0,79.52,19.1,0.53,0.5,3,0
29.66,1832.0,93.67,22.1,0.36,0.5,3,0
31.8,1105.0,79.97,29.7,0.29,2.63,1,1
19.6,1091.0,102.02,34.3,0.46,2.63,0,0
47.19,1173.0,99.15,19.9,0.3,0.61,3,0
26.76,1529.0,94.95,12.5,0.21,1.92,3,0
28.12,1102.0,80.15,28.6,0.97,2.72,5,1
21.0,932.0,83.74,37.9,0.31,1.63,2,0
20.69,1171.0,95.29,14.7,0.4,1.02,0,0
17.77,1408.0,3.03,16.5,0.53,1.91,2,0
26.07,1727.0,78.64,19.2,0.86,4.39,1,1
20.42,1534.0,119.23,20.2,0.63,2.97,5,0
50.56,960.0,60.79,15.3,0.78,1.47,4,1
11.12,1614.0,0.0,10.3,0.53,3.07,1,0
18.72,1661.0,24.6,24.3,0.51,2.32,2,0
25.99,1273.0,83.01,19.1,0.54,2.09,2,0
36.73,1102.0,51.17,27.9,0.75,2.4,1,0
25.86,1102.0,85.36,23.8,0.32,2.41,2,0
36.76,1234.0,79.26,27.1,0.38,0.5,1,0
20.13,2607.0,61.23,20.4,0.69,2.31,2,1
30.59,1055.0,43.4,24.9,0.78,1.58,0,0
47.44,1633.0,87.82,14.9,0.21,1.94,1,0
20.32,1143.0,82.76,23.5,0.4,0.88,5,0
34.2,1247.0,75.04,27.1,0.6,2.47,2,0
32.07,1147.0,114.9,29.3,0.62,2.24,3,0
7.48,1901.0,88.05,17.9,0.74,1.97,4,1
24.11,1690.0,56.16,24.2,0.79,2.32,0,0
41.31,1435.0,65.66,29.1,0.42,2.43,2,0
31.35,1751.0,77.52,9.1,0.72,3.11,1,0
17.88,1872.0,84.93,17.5,0.33,0.5,2,0
36.91,1075.0,133.46,24.1,0.71,4.01,1,1
25.21,1774.0,147.52,18.0,0.46,2.08,0,0
33.6,1141.0,61.24,15.4,0.59,1.54,2,0
33.77,1919.0,39.22,23.1,0.66,3.07,3,1
18.81,1870.0,58.28,16.7,0.68,1.93,3,0
37.9,1702.0,96.81,20.6,0.58,3.99,1,1
19.92,1395.0,113.31,9.2,0.57,2.25,5,0
16.94,1237.0,63.68,16.8,0.25,3.17,0,0
21.17,1368.0,43.43,22.0,0.59,2.05,2,0
26.54,1885.0,95.29,19.4,0.37,1.6,2,0
31.09,1159.0,104.94,19.8,0.4,2.84,2,1
22.27,1525.0,121.39,22.3,0.58,3.8,2,1
37.45,626.0,54.49,27.7,0.82,3.46,1,0
32.51,1630.0,93.15,18.4,0.7,2.79,3,0
23.05,982.0,14.73,19.9,0.49,3.02,1,0
38.89,841.0,75.77,20.6,0.46,3.23,0,1
41.61,1759.0,108.74,16.7,0.36,3.24,1,0
29.01,1605.0,139.35,14.6,0.51,3.35,1,0
27.85,1278.0,92.09,26.0,0.1,0.5,5,0
12.26,1349.0,70.33,11.9,0.48,1.18,4,0
25.92,2636.0,23.76,24.2,0.37,2.94,3,0
27.08,1403.0,89.13,18.6,0.47,2.88,2,0
32.45,1399.0,105.27,17.7,0.2,0.5,2,0
28.32,1826.0,120.55,22.3,0.42,1.69,1,1
32.44,1544.0,89.73,23.4,0.8,0.5,0,1
45.34,1994.0,41.78,12.8,0.54,0.5,1,0
24.7,1639.0,102.14,19.8,0.28,2.07,4,0
25.09,1881.0,147.6,17.0,0.41,1.24,3,0
16.91,1722.0,69.5,14.9,0.53,1.41,0,0
29.91,1823.0,47.9,5.4,0.1,1.48,0,1
39.77,1479.0,66.81,26.0,0.97,2.29,6,1
12.49,1611.0,79.47,26.3,0.55,2.99,1,1
23.34,1364.0,59.06,11.9,0.55,0.86,0,1
30.36,1802.0,108.25,19.3,0.66,1.79,3,0
38.5,827.0,97.23,11.5,0.61,2.35,3,1
33.83,1863.0,66.63,17.6,0.79,1.64,0,0
33.25,1999.0,79.21,15.6,0.84,2.88,2,1
27.76,1871.0,18.44,29.5,0.34,2.05,3,0
34.82,1448.0,92.85,10.4,0.11,3.44,3,1
40.14,1753.0,24.25,7.5,0.16,0.72,4,0
12.91,1112.0,68.91,17.6,0.94,4.99,2,0
37.29,1919.0,61.55,18.0,0.28,1.27,3,1
29.01,950.0,98.66,33.8,0.8,3.68,2,0
24.7,1797.0,62.23,14.7,0.29,3.37,3,1
5.57,1766.0,78.12,30.3,0.76,4.03,2,0
16.2,1703.0,139.81,23.6,0.76,2.96,1,0
46.98,1276.0,17.22,31.6,0.55,1.16,2,0
23.11,1880.0,84.52,22.0,0.37,0.5,0,0
19.15,581.0,114.57,8.7,0.73,1.11,1,0
25.44,1889.0,54.89,13.5,0.39,3.3,4,0
22.55,1596.0,80.84,23.8,0.81,2.28,2,1
31.24,2025.0,25.55,13.8,0.38,0.77,1,0
45.17,1600.0,15.65,36.8,0.78,0.54,2,0
24.13,2419.0,108.88,7.2,0.36,0.6,0,1
31.54,1029.0,66.91,15.6,0.35,1.43,2,1
18.53,1805.0,27.49,23.3,0.64,1.82,0,0
45.2,1057.0,61.06,20.2,0.5,3.84,2,1
31.89,1437.0,104.18,16.7,0.63,2.34,0,0
19.18,1871.0,102.05,30.2,1.06,1.29,1,0
39.04,1813.0,121.91,20.5,0.32,2.45,2,0
42.0,2540.0,59.84,27.5,0.43,1.04,2,1
31.61,1324.0,54.9,17.1,0.53,3.8,3,0
13.61,2143.0,93.24,27.3,0.29,0.5,3,0
47.85,1373.0,120.0,21.6,0.17,2.71,0,1
33.1,1150.0,65.02,8.7,0.32,0.5,4,0
41.7,689.0,118.33,11.5,0.65,1.49,4,0
24.49,1581.0,66.66,27.9,0.36,2.77,4,0
26.01,1239.0,161.5,20.0,0.36,2.53,1,0
31.1,1924.0,11.21,28.0,0.6,1.75,1,0
41.13,1236.0,141.39,25.1,0.3,2.12,5,1
31.43,1262.0,20.1,12.2,0.68,0.5,2,1
17.43,1677.0,128.93,11.7,0.89,0.5,1,0
32.62,2361.0,83.43,19.3,0.56,2.65,1,0
46.3,956.0,61.87,21.2,0.59,4.14,2,1
30.66,2009.0,43.65,15.1,0.36,3.0,3,0
31.29,1937.0,42.88,23.6,0.56,2.3,1,0
17.37,1390.0,107.27,18.5,0.6,3.2,1,1
15.97,1838.0,98.41,14.7,0.25,2.17,1,0
23.62,1358.0,72.46,21.8,0.31,3.09,5,0
26.73,2686.0,78.94,15.5,0.34,2.48,3,0
31.04,1444.0,45.15,9.8,0.54,2.15,1,0
31.66,1540.0,74.7,31.0,0.39,0.5,1,0
46.02,1337.0,115.43,6.2,0.54,2.44,3,0
30.59,653.0,43.7,8.4,0.4,2.43,3,1
40.64,1368.0,100.85,25.8,0.72,2.92,0,0
29.61,1616.0,61.54,21.8,0.46,1.85,1,0
44.49,2250.0,18.9,16.0,0.3,2.39,7,1
11.3,1746.0,122.47,33.6,0.83,1.39,1,0
24.01,1405.0,25.04,17.2,0.91,3.89,2,0
39.83,1530.0,61.41,19.2,0.65,1.39,1,1
28.28,1664.0,122.77,20.1,0.59,1.32,2,0
39.32,1311.0,48.51,24.3,0.49,2.06,0,0
33.85,1841.0,117.7,24.8,0.59,0.5,1,1
39.46,2313.0,62.06,29.5,0.29,0.95,2,1
36.13,1318.0,76.26,16.7,0.27,0.5,2,0
36.74,2104.0,155.38,19.7,0.62,3.99,1,0
44.92,1938.0,125.43,17.9,0.26,2.49,1,1
39.86,1769.0,83.45,10.7,0.86,1.36,1,0
39.94,1556.0,53.84,17.7,0.34,0.83,0,1
30.2,1669.0,81.08,22.3,0.61,4.49,1,1
24.18,1391.0,145.98,20.8,0.25,0.5,1,0
23.4,2418.0,166.88,30.0,0.5,2.02,2,0
37.51,1141.0,55.21,21.4,0.58,3.59,4,0
5.62,2067.0,137.77,13.1,0.41,1.25,1,0
16.93,2275.0,16.89,16.4,0.37,0.81,2,0
20.37,1338.0,103.53,14.3,0.45,0.5,3,0
27.52,2083.0,94.97,15.8,0.76,3.0,4,0
5.0,1572.0,121.64,19.4,0.7,1.15,1,1
42.59,1531.0,46.7,25.3,0.72,0.85,3,1
36.0,1463.0,85.84,26.0,0.71,0.5,3,1
49.85,693.0,5.53,13.6,0.8,1.21,1,0
40.62,1774.0,54.8,22.9,0.66,2.95,2,1
40.3,2222.0,79.32,19.5,0.1,2.74,1,0
52.51,1148.0,87.78,17.5,0.63,1.94,2,0
24.29,1924.0,191.68,15.3,0.59,1.31,1,0
14.97,1457.0,59.62,14.9,0.46,1.14,2,0
27.68,954.0,80.83,16.3,0.21,0.5,0,1
21.75,1999.0,33.92,27.3,0.36,2.43,2,0
27.43,2343.0,4.54,26.6,0.43,2.13,1,0
19.5,1103.0,115.93,25.8,0.67,1.89,0,0
35.68,1608.0,116.22,4.1,0.64,2.36,2,0
35.13,780.0,24.98,28.7,0.27,2.93,1,0
29.73,1479.0,12.41,22.1,0.62,2.71,1,1
33.12,1743.0,54.56,26.1,0.12,0.5,2,0
28.58,2376.0,146.68,18.8,0.41,1.59,2,0
37.52,2279.0,20.47,21.3,0.5,2.36,1,0
30.7,2321.0,107.27,29.3,0.65,1.92,3,0
27.35,1236.0,85.26,27.1,0.45,1.27,3,1
39.3,1377.0,67.93,13.5,0.61,1.73,2,1
42.61,668.0,55.82,14.4,0.56,4.13,6,1
43.37,1142.0,89.8,23.1,0.6,3.6,1,1
20.1,774.0,67.57,21.4,0.63,2.1,4,1
24.66,1683.0,64.03,13.8,0.44,1.53,3,0
12.99,1152.0,71.7,19.6,0.68,2.62,0,0
27.61,949.0,124.46,15.2,0.81,3.12,2,1
34.16,1322.0,88.51,24.1,0.47,2.42,1,0
28.67,908.0,82.76,35.9,0.1,0.72,1,0
49.31,1655.0,135.3,13.6,0.63,2.06,2,1
25.94,1642.0,69.27,23.1,0.5,2.19,3,0
19.11,1342.0,137.31,22.9,0.6,0.69,2,1
35.69,1135.0,52.97,18.6,0.34,2.18,0,0
31.5,830.0,101.25,17.4,0.41,2.74,1,0
35.5,1778.0,67.08,17.6,0.51,2.67,5,0
33.04,1614.0,77.26,9.8,0.47,3.61,2,0
32.44,1732.0,54.27,6.2,0.49,0.5,1,1
8.78,1347.0,68.18,14.0,0.4,2.3,1,0
22.74,1391.0,51.98,15.8,0.47,1.41,2,1
24.1,2221.0,96.11,25.2,0.64,3.04,4,0
26.52,1200.0,47.01,12.3,0.61,3.22,0,1
25.52,1344.0,101.46,16.3,0.25,0.5,2,0
34.13,1872.0,173.88,27.5,0.54,1.57,6,1
36.01,1651.0,17.8,25.6,0.35,0.83,0,1
18.68,477.0,0.0,23.3,0.57,1.88,3,0
36.87,656.0,40.47,27.7,0.74,1.94,2,0
35.86,1170.0,109.73,38.6,0.66,3.57,1,0
34.66,1955.0,51.55,19.3,0.37,2.59,3,0
15.82,1836.0,103.1,24.3,0.52,3.26,3,0
34.41,1760.0,117.97,19.1,0.58,3.15,4,0
30.83,1814.0,69.96,18.7,0.59,0.73,2,0
39.61,1016.0,115.39,13.7,0.33,2.06,2,0
47.84,1801.0,0.0,31.8,0.61,3.14,2,0
45.88,1039.0,113.38,21.4,0.56,3.67,3,1
31.13,1974.0,111.97,30.7,0.31,2.9,1,0
29.98,1245.0,76.02,22.7,0.57,0.5,5,1
36.32,1641.0,120.14,13.9,0.41,2.53,2,0
18.85,563.0,137.64,20.1,0.32,1.92,4,0
15.49,826.0,157.31,24.5,0.42,2.85,0,0
25.27,2045.0,157.65,21.5,0.31,1.16,3,1
42.21,1846.0,82.22,7.3,0.36,2.11,4,0
26.69,891.0,74.35,20.1,0.8,1.62,3,0
45.03,2143.0,76.88,17.3,0.24,3.53,3,1
5.0,955.0,0.0,17.1,0.66,2.74,1,1
14.13,1510.0,107.93,10.4,0.59,1.7,2,1
28.76,1260.0,173.97,33.2,0.8,1.25,3,0
38.88,1038.0,102.63,26.9,0.9,1.49,4,0
29.3,2084.0,23.14,14.2,0.47,4.01,3,1
29.04,2342.0,40.21,18.4,0.56,1.76,4,0
28.78,1589.0,42.46,29.0,0.51,4.43,3,0
12.37,2263.0,146.28,8.6,0.28,2.22,1,0
41.58,1359.0,100.1,31.0,0.41,0.62,3,0
23.17,1554.0,105.53,22.5,1.05,3.36,1,0
40.9,1566.0,94.14,23.3,0.58,0.5,3,0
29.29,922.0,35.54,18.9,0.19,2.13,2,0
40.68,1750.0,42.24,23.1,0.63,4.8,1,1
33.43,1855.0,107.23,33.7,0.71,4.03,3,0
28.93,1413.0,83.45,20.8,0.64,3.71,1,0
32.26,654.0,5.68,15.2,0.21,3.15,1,0
15.27,1684.0,111.44,16.3,0.55,3.45,0,0
30.06,742.0,136.67,27.3,0.17,1.0,5,1
47.16,1094.0,80.26,21.9,0.45,2.97,2,0
43.08,1566.0,67.36,21.7,0.1,2.46,4,0
20.15,1115.0,134.63,16.2,0.13,3.65,4,1
35.06,1627.0,72.17,29.9,0.57,4.0,1,0
32.48,1387.0,55.45,20.9,0.72,1.46,0,0
38.17,685.0,18.46,14.4,0.48,0.5,2,0
30.94,1584.0,60.35,7.8,0.64,2.05,3,1
27.66,1793.0,154.68,11.4,0.88,3.81,1,0
43.31,2006.0,126.55,22.9,0.3,0.5,4,1
32.16,1317.0,84.77,13.8,0.63,1.73,0,1
42.55,1469.0,79.77,5.8,0.75,0.5,0,0
39.74,752.0,119.59,14.1,0.54,1.2,2,0
26.76,2482.0,84.09,19.0,0.58,2.45,4,0
28.33,2253.0,29.44,24.1,0.6,1.96,2,1
49.3,1484.0,85.77,2.3,0.41,0.99,5,0
31.91,1438.0,87.02,19.6,0.75,3.79,1,1
22.41,200.0,80.52,26.3,0.24,1.5,3,1
18.0,2018.0,90.3,13.9,0.42,0.5,4,0
39.74,1781.0,52.28,16.0,0.53,4.34,2,1
31.6,1906.0,86.2,21.4,0.69,3.28,2,0
22.08,1297.0,15.87,13.1,0.28,2.38,0,0
36.75,1265.0,43.17,13.6,0.69,0.84,1,0
31.6,882.0,70.25,19.2,0.48,0.73,1,0
13.4,1889.0,104.1,21.2,0.7,2.15,2,0
35.89,2126.0,68.11,24.0,0.93,2.18,3,0
43.33,2062.0,97.61,20.1,0.69,0.5,4,0
55.6,1594.0,120.91,20.0,0.57,0.8,0,1
30.35,1337.0,176.81,21.7,0.57,2.58,4,0
32.33,974.0,68.27,13.9,0.63,0.5,2,0
46.07,1149.0,54.25,5.3,0.62,3.32,2,0
31.69,1734.0,81.54,13.7,0.33,1.54,2,1
32.75,1358.0,87.94,16.6,0.55,3.37,2,1
23.69,2321.0,101.84,14.3,0.61,1.31,5,0
16.06,2076.0,112.5,12.0,0.31,2.81,4,1
39.13,1199.0,68.7,27.4,0.48,2.29,4,0
17.26,892.0,109.08,14.2,0.22,4.03,1,0
41.41,1226.0,83.28,17.4,0.1,1.22,3,1
22.12,2033.0,129.09,24.0,0.46,4.5,1,0
32.65,1238.0,68.85,23.1,0.44,3.73,1,0
26.28,1773.0,85.61,14.9,0.81,1.2,1,1
41.75,1217.0,90.81,13.8,0.21,1.3,3,1
33.01,1672.0,125.3,19.5,0.62,2.43,2,0
49.59,1764.0,79.84,15.2,0.54,2.92,0,0
19.16,1993.0,38.54,19.1,0.71,0.84,0,0
34.14,2217.0,12.18,14.0,0.41,0.53,2,0
30.47,2155.0,121.36,22.9,0.62,0.5,3,0
32.8,1235.0,105.61,10.1,0.3,3.84,1,0
45.96,1426.0,146.48,18.5,0.59,1.98,0,1
35.85,913.0,83.7,22.0,0.53,0.5,4,0
18.52,1382.0,83.46,22.0,0.4,1.66,1,0
35.34,1512.0,87.17,36.9,0.73,2.98,3,0
25.84,1298.0,58.56,18.4,0.53,2.48,3,0
25.27,1248.0,51.85,21.0,0.64,4.27,2,0
40.46,2016.0,97.54,19.3,0.81,2.24,3,0
23.98,1954.0,127.23,33.3,0.76,1.64,2,0
26.2,1700.0,104.15,27.1,0.72,2.35,3,1
30.32,861.0,60.76,33.5,0.46,3.83,3,0
39.46,1600.0,96.99,16.0,0.57,2.79,2,1
35.82,1308.0,87.06,21.2,0.61,1.85,0,0
27.66,2158.0,57.47,20.4,0.67,0.74,1,0
27.28,599.0,31.1,11.9,0.62,1.82,0,0
18.4,1221.0,46.78,22.4,0.39,0.5,2,0
22.4,1207.0,127.82,13.1,0.45,2.5,1,0
23.46,1267.0,90.14,27.4,0.46,2.49,1,0
28.51,1979.0,55.64,18.5,0.42,0.81,0,0
49.87,324.0,83.06,9.4,0.65,1.05,1,0
23.25,1396.0,104.43,16.1,0.14,3.0,2,0
27.04,1925.0,58.39,20.3,0.38,1.95,3,1
9.48,1990.0,49.4,32.2,0.44,2.65,3,1
36.01,1225.0,8.94,26.1,0.75,1.29,2,0
14.23,1160.0,123.54,20.6,0.3,1.04,0,0
20.93,1673.0,103.52,26.1,0.6,1.64,2,0
40.42,1576.0,106.78,21.2,0.52,0.59,1,1
8.95,1535.0,102.48,13.8,0.37,1.31,3,0
30.96,200.0,0.0,22.9,0.92,3.14,2,0
38.01,936.0,84.38,26.0,0.64,1.24,3,0
45.25,1068.0,98.0,40.0,0.4,3.89,2,0
20.8,1822.0,82.83,22.1,0.74,3.14,1,0
23.76,780.0,0.0,16.6,0.51,3.07,1,1
48.04,977.0,75.01,26.5,0.26,2.41,2,1
29.75,1423.0,69.71,24.8,0.1,1.15,4,0
22.64,856.0,121.5,31.1,0.63,0.69,1,0
22.83,1821.0,75.84,25.3,0.58,0.63,3,0
20.27,1304.0,59.19,8.0,0.32,2.24,4,0
25.6,2416.0,59.17,19.6,0.2,4.88,2,1
40.88,1185.0,108.91,29.0,0.35,2.57,2,1
38.88,1212.0,106.9,32.0,0.4,3.8,2,0
18.26,1902.0,71.44,14.2,0.59,1.82,0,0
32.15,1172.0,64.04,18.5,0.56,1.31,1,1
25.98,2256.0,0.0,24.6,0.42,2.96,4,0
37.82,1741.0,0.0,17.1,0.15,1.41,1,0
28.44,1348.0,46.58,18.2,0.25,1.65,3,1
33.72,1420.0,74.24,26.4,0.82,2.12,3,0
28.41,2925.0,48.36,27.1,0.41,0.71,3,1
8.13,1744.0,19.43,28.0,0.75,2.31,1,0
30.47,1575.0,78.53,23.5,0.68,1.83,0,1
17.28,1434.0,79.13,12.9,0.17,0.5,2,0
37.47,2019.0,132.37,19.0,0.65,2.05,2,0
23.2,741.0,65.65,13.1,0.29,2.86,1,0
23.95,1409.0,70.61,16.4,0.31,1.03,5,0
29.91,200.0,51.32,24.0,0.66,4.78,2,0
35.78,1233.0,184.15,21.2,0.39,0.5,2,1
28.3,1924.0,105.79,35.5,0.19,0.96,2,0
46.42,2191.0,46.87,21.8,0.27,2.7,3,1
46.49,1803.0,1.2,22.9,0.42,2.07,2,1
47.15,1820.0,28.45,19.8,0.63,0.84,4,1
27.66,642.0,43.23,25.4,0.2,2.85,3,0
15.18,1161.0,25.53,31.7,0.51,0.61,3,0
42.2,2237.0,75.25,21.2,0.83,2.91,4,0
25.84,1238.0,39.32,30.7,0.23,3.47,2,0
30.38,1432.0,15.8,19.3,0.39,2.78,1,0
36.28,1097.0,105.5,27.5,0.4,2.23,1,0
13.96,1033.0,18.36,19.4,0.31,1.21,5,0
46.29,1265.0,0.0,19.3,0.66,0.87,3,0
38.75,1169.0,117.48,5.8,0.48,2.91,1,0
33.52,1979.0,151.62,7.4,0.48,2.92,3,0
38.91,1608.0,81.61,19.2,0.79,1.31,4,0
35.57,2009.0,107.46,25.3,0.55,2.24,3,1
31.17,806.0,106.86,19.7,0.49,4.46,2,1
26.92,2113.0,174.21,14.1,0.49,1.52,1,0
22.61,1511.0,40.39,13.3,0.34,2.52,2,0
32.87,2420.0,61.84,25.3,0.74,2.46,3,0
33.61,1474.0,62.44,12.8,0.41,2.81,3,1
40.83,753.0,82.17,25.8,0.5,4.1,3,1
32.01,2142.0,71.71,24.9,0.1,3.5,3,0
21.47,1432.0,76.71,30.5,0.63,0.99,5,0
14.24,424.0,85.71,37.2,0.78,2.27,1,0
28.72,1573.0,159.12,18.2,0.75,0.5,1,1
29.73,1616.0,90.96,19.2,0.29,1.57,1,0
29.02,2038.0,113.18,30.1,0.62,0.5,1,0
14.69,200.0,106.72,19.7,0.51,0.5,1,0
40.74,2074.0,94.26,9.1,0.38,2.38,4,0
40.73,1263.0,69.34,14.6,0.6,4.64,2,1
21.77,2463.0,112.19,22.7,0.63,2.57,3,0
38.06,641.0,9.97,11.5,0.59,4.12,1,1
39.53,1773.0,141.6,34.1,0.6,0.5,2,0
30.38,1706.0,106.7,29.1,0.48,0.59,1,0
20.52,1289.0,84.02,13.5,0.83,1.04,1,0
46.13,1113.0,79.5,14.0,0.33,1.12,3,0
33.81,1313.0,88.8,21.0,0.58,3.18,5,1
27.49,1327.0,112.54,17.0,0.23,0.73,6,1
37.73,873.0,98.52,19.3,0.48,0.87,2,0
46.22,1996.0,134.61,24.8,0.55,1.16,3,1
25.03,954.0,148.6,18.6,0.53,0.5,1,0
36.91,2012.0,123.76,30.0,0.64,1.46,2,0
49.43,606.0,20.34,26.1,0.34,2.48,2,1
18.83,1411.0,59.15,27.2,0.34,1.69,3,0
24.51,1419.0,119.09,11.9,0.25,2.02,0,0
24.02,1492.0,165.21,10.0,0.33,2.22,5,1
28.42,1978.0,56.52,19.9,0.36,1.38,1,0
27.9,1399.0,104.0,32.5,0.33,1.48,4,0
33.01,1271.0,129.12,28.5,0.22,1.71,2,1
21.8,1400.0,84.24,25.2,0.56,2.13,3,0
23.77,1991.0,31.28,28.7,0.44,1.36,3,0
33.01,897.0,158.21,12.2,0.53,0.54,3,0
31.55,990.0,45.27,9.9,0.42,2.39,3,1
38.74,522.0,50.4,29.1,0.93,0.5,2,1
34.09,2514.0,90.73,15.7,0.1,1.14,2,0
37.72,920.0,82.21,14.4,0.38,1.43,1,0
18.57,557.0,43.31,24.3,0.2,0.84,4,0
26.17,1096.0,147.05,18.3,0.64,1.0,0,1
48.48,1194.0,100.83,19.1,0.37,2.67,2,0
33.92,2233.0,116.22,22.4,0.55,4.08,2,1
37.47,1268.0,78.27,21.2,0.25,0.5,2,0
32.73,1646.0,79.73,8.6,0.51,1.48,1,0
34.25,605.0,132.91,16.7,0.47,2.1,1,1
27.69,1604.0,59.19,25.1,0.39,2.12,0,0
60.0,676.0,65.75,15.2,1.11,0.5,1,1
26.04,1343.0,98.65,17.7,0.56,2.11,2,1
29.62,1120.0,116.17,18.0,0.12,2.0,1,0
5.75,1529.0,116.29,2.1,0.94,2.61,0,1
41.06,1817.0,42.31,20.7,0.47,0.59,1,0
24.48,832.0,36.67,15.7,0.27,1.93,4,0
29.39,932.0,46.07,24.1,0.36,0.95,0,0
24.72,1597.0,115.36,21.8,0.69,2.34,0,0
28.61,1844.0,115.3,14.4,0.72,4.01,0,1
27.16,2209.0,92.83,23.3,0.6,2.97,1,0
29.57,1264.0,91.88,16.6,0.35,1.43,1,1
29.47,754.0,13.94,15.2,0.64,2.31,1,0
28.46,1593.0,92.76,9.8,0.55,2.22,2,0
28.32,1103.0,17.07,23.1,0.54,0.5,2,0
43.09,1038.0,113.03,18.9,0.52,4.57,2,1
38.81,2204.0,67.39,16.4,0.45,2.7,2,0
38.87,1809.0,89.69,9.0,0.53,3.18,2,0
22.68,1136.0,71.46,27.7,0.39,1.05,3,0
42.57,1491.0,76.79,18.0,0.63,0.52,1,0
41.32,1457.0,35.45,22.4,0.55,1.38,1,0
24.47,1583.0,73.25,22.1,0.89,2.12,1,0
45.24,1297.0,77.48,10.4,0.26,1.79,1,0
23.17,550.0,88.27,24.8,0.75,0.76,1,1
11.58,1012.0,101.79,18.2,0.32,2.9,0,0
41.02,1234.0,99.21,18.6,0.38,1.29,1,0
28.8,1514.0,90.79,6.4,0.48,3.7,3,0
39.77,959.0,53.91,28.6,0.81,1.77,2,0
22.46,1593.0,28.02,20.7,0.32,1.57,1,0
17.38,1309.0,39.9,18.5,0.71,1.79,5,0
42.32,1120.0,47.3,15.1,0.7,1.87,0,0
15.93,865.0,113.85,19.6,0.74,2.35,1,1
14.39,1723.0,123.02,24.5,0.38,0.61,3,1
10.74,1712.0,48.14,19.4,0.67,4.23,1,1
5.0,1900.0,33.6,23.3,0.51,2.92,4,0
19.61,1775.0,15.1,12.3,0.6,3.6,2,0
8.31,1812.0,55.05,7.2,0.42,0.54,1,1
29.64,1691.0,96.63,14.5,0.11,2.49,1,0
7.64,621.0,36.49,17.5,0.54,3.13,2,0
19.06,1360.0,127.45,12.7,0.66,3.78,1,1
53.32,784.0,94.67,19.5,0.69,0.5,2,0
33.45,2185.0,122.64,18.1,0.57,0.93,0,0
30.53,1493.0,48.14,6.8,0.43,1.58,1,0
13.79,2135.0,108.48,25.2,0.35,2.43,3,1
27.54,985.0,35.63,18.4,0.66,0.64,3,0
30.48,1454.0,107.67,11.9,0.68,3.47,2,1
13.95,1632.0,137.63,9.4,0.49,0.79,1,0
31.26,1335.0,137.05,36.0,0.55,0.5,3,0
41.91,1594.0,58.75,16.6,0.54,2.18,2,0
26.52,2241.0,44.71,5.1,0.4,1.46,4,0
28.03,984.0,73.37,9.8,0.68,2.07,1,1
9.58,200.0,142.84,20.6,0.79,1.83,2,0
16.01,2300.0,25.51,14.8,0.17,3.67,2,0
40.58,1104.0,19.47,18.3,0.61,2.8,1,0
23.38,2061.0,0.0,19.7,0.58,1.88,3,0
20.7,1826.0,83.77,19.8,0.47,0.5,1,0
23.07,1392.0,12.03,19.7,0.3,1.45,3,0
29.43,1690.0,127.64,18.8,0.85,1.44,2,1
18.42,930.0,145.63,31.3,0.46,0.5,1,0
31.27,1543.0,74.53,17.5,0.85,2.94,2,1
16.4,1797.0,175.72,27.7,0.68,0.5,2,0
37.74,1113.0,89.34,21.5,0.51,0.5,2,1
19.43,1310.0,59.8,26.7,0.47,1.1,1,1
43.2,1656.0,59.15,23.9,0.54,0.62,3,1
29.9,2162.0,137.32,28.0,0.61,1.52,4,0
21.54,1498.0,111.71,37.8,0.54,0.5,1,0
39.11,1285.0,0.0,19.4,0.42,1.56,2,0
16.26,1427.0,4.79,23.1,0.72,1.66,3,0
24.53,2080.0,21.22,33.3,0.83,2.45,3,1
30.0,1179.0,56.3,21.7,0.5,2.32,0,0
28.79,1350.0,28.04,1.5,0.53,1.73,2,0
9.91,1184.0,49.42,16.9,0.65,2.41,1,0
20.79,1398.0,47.09,17.5,0.43,1.67,0,0
31.68,1607.0,35.18,20.9,0.1,3.64,2,1
16.8,2017.0,164.78,15.5,0.53,1.12,2,0
42.66,438.0,136.77,36.2,0.72,1.32,1,1
34.95,1778.0,151.2,35.3,0.24,2.0,3,0
24.86,1054.0,147.14,8.6,0.1,1.08,1,0
27.8,1797.0,77.17,13.5,0.62,3.54,2,0
48.62,2120.0,84.43,27.4,0.3,2.75,0,0
39.36,1998.0,42.89,14.3,0.22,2.83,4,0
33.8,1579.0,85.94,17.1,0.26,2.63,1,0
15.84,1917.0,39.99,14.5,0.57,2.86,1,0
46.3,1028.0,15.9,29.9,0.76,1.15,3,0
40.52,1466.0,49.32,19.5,0.23,2.6,4,1
28.52,2260.0,114.89,28.8,0.54,0.71,1,0
24.5,1105.0,83.88,16.0,0.56,0.87,4,1
28.12,1599.0,104.11,25.6,0.54,2.45,2,0
17.98,1315.0,80.68,18.2,0.63,1.94,1,0
25.29,1402.0,43.25,21.3,0.5,2.3,1,0
37.63,1703.0,100.78,17.0,0.21,1.31,0,0
11.92,1365.0,83.79,18.2,0.55,1.11,1,1
26.86,1498.0,132.64,19.4,0.71,1.57,1,1
31.14,1248.0,134.2,21.8,0.45,2.07,3,0
31.04,587.0,68.15,25.5,0.33,1.59,0,0
18.21,1597.0,84.85,13.3,0.66,2.99,1,0
18.18,1720.0,44.19,10.7,0.39,1.62,5,0
40.89,2191.0,45.61,28.8,0.45,0.5,3,1
17.75,1434.0,56.94,34.3,0.67,2.52,1,0
40.09,803.0,99.68,26.7,0.61,3.4,4,1
25.18,1123.0,59.19,29.2,0.97,2.55,4,0
40.8,1770.0,141.82,17.4,0.42,3.02,1,1
25.79,1458.0,98.94,24.3,0.73,0.99,3,0
18.34,1640.0,69.26,23.0,0.33,2.4,2,0
38.57,1323.0,120.63,21.2,0.92,2.7,0,0
29.83,2435.0,50.6,14.1,0.79,1.94,3,0
44.49,2364.0,54.23,8.7,0.65,0.5,3,1
38.92,1034.0,133.89,28.7,0.23,2.13,2,0
27.71,1955.0,27.74,25.5,0.61,3.64,5,0
25.5,1652.0,74.01,15.4,0.36,1.41,3,0
30.23,1507.0,64.82,22.5,0.65,4.56,3,0
31.9,1070.0,50.66,16.8,0.53,1.78,0,0
21.18,2311.0,119.43,26.5,0.47,2.44,1,0
38.42,2083.0,114.5,23.7,0.89,0.78,5,0
26.03,771.0,107.09,30.9,0.33,0.5,4,1
25.77,2192.0,80.92,20.9,0.4,3.09,0,0
24.59,1481.0,105.67,19.4,0.65,2.73,0,0
32.31,1201.0,0.0,20.3,0.39,0.5,6,1
23.08,1012.0,63.81,39.6,0.39,1.73,4,1
31.35,1972.0,81.5,24.8,0.69,1.51,0,1
57.67,1700.0,56.42,20.8,0.69,3.06,1,0
29.46,1063.0,87.43,26.3,0.89,2.84,3,1
25.66,1094.0,175.3,18.4,0.63,0.84,3,1
13.32,1306.0,84.51,22.5,0.72,3.17,1,0
30.5,1244.0,96.45,27.1,0.51,1.95,2,0
18.91,1764.0,88.11,1.9,0.46,2.12,1,1
26.24,1689.0,32.08,10.8,0.54,2.55,4,0
31.52,1182.0,20.48,11.3,0.39,3.03,1,0
12.69,671.0,15.19,17.6,0.73,0.5,2,0
31.57,833.0,91.24,17.6,0.34,0.91,3,1
33.05,1935.0,0.0,23.2,0.66,0.5,4,0
17.03,1003.0,105.71,24.7,0.92,2.66,4,0
26.08,1556.0,71.91,30.3,0.49,4.7,1,1
11.69,618.0,98.08,17.8,0.76,0.67,3,0
45.76,1699.0,26.93,17.3,0.58,1.0,3,1
33.31,2460.0,142.11,16.7,0.52,2.87,2,0
28.2,836.0,77.64,13.7,0.67,3.39,7,1
28.37,1775.0,4.27,21.4,0.64,2.63,0,0
41.31,1636.0,129.34,11.5,0.61,2.38,2,1
29.06,1959.0,29.07,28.1,0.51,0.5,3,1
33.31,1434.0,31.12,21.9,0.37,1.6,3,0
45.19,1636.0,32.09,25.7,0.84,1.91,3,1
26.54,1591.0,67.59,31.3,0.56,4.09,2,0
19.07,1786.0,103.49,4.1,0.67,1.86,1,0
21.75,1080.0,102.33,19.1,0.93,1.87,5,0
44.29,1596.0,180.85,15.8,0.7,1.74,2,1
30.91,1905.0,53.46,23.2,0.3,0.71,2,0
24.98,2084.0,61.73,25.9,0.28,4.43,1,0
39.74,1748.0,25.45,23.0,0.91,1.0,3,0
39.98,934.0,36.13,21.0,0.17,0.88,1,1
25.24,723.0,124.83,18.8,0.36,2.4,3,1
20.28,1704.0,59.88,26.5,0.64,0.92,2,0
14.29,994.0,98.07,20.2,0.56,2.5,2,1
12.06,1922.0,81.28,31.9,0.21,3.71,1,0
27.35,1356.0,37.99,16.4,0.53,0.56,2,0
21.07,2006.0,47.03,32.8,0.91,1.57,3,0
48.58,2563.0,4.99,11.7,0.33,1.4,1,0
30.59,1469.0,71.88,21.9,0.19,2.34,1,1
10.58,1442.0,83.17,20.6,0.37,2.94,0,0
44.19,2007.0,67.84,15.1,0.53,0.78,2,1
31.62,2032.0,119.74,10.5,0.42,2.05,1,1
37.05,2351.0,27.02,26.5,0.71,1.33,2,0
36.82,1598.0,81.86,20.0,0.73,2.39,2,0
32.97,1184.0,39.85,26.7,0.78,0.83,3,0
35.23,1504.0,95.23,32.5,0.69,1.84,1,0
32.39,1188.0,44.13,24.7,0.45,2.86,0,1
18.94,1620.0,112.5,26.7,0.39,1.94,0,1
33.67,1066.0,105.49,17.4,0.51,2.85,1,1
40.24,1951.0,93.31,30.0,0.71,1.78,3,1
27.9,1849.0,90.33,30.7,0.33,3.01,1,0
35.51,1570.0,91.43,24.0,0.57,0.68,2,0
34.2,1513.0,93.33,18.5,0.71,0.87,3,0
48.16,1402.0,101.27,20.4,0.73,4.01,1,1
27.47,2156.0,65.81,21.1,0.63,2.08,1,1
27.08,2094.0,35.17,23.3,0.28,3.96,2,1
28.83,1573.0,78.25,20.0,0.45,3.66,1,1
28.98,1072.0,100.52,18.0,0.48,2.34,3,0
7.27,912.0,100.46,18.8,0.12,0.71,1,1
23.57,1644.0,149.2,20.0,0.32,2.79,3,1
33.0,1181.0,60.03,28.6,0.79,1.21,1,0
29.92,1738.0,23.57,13.5,0.41,1.28,3,0
22.01,1307.0,58.21,6.5,0.2,0.89,2,1
23.35,1887.0,63.1,9.4,0.6,1.68,4,0
26.44,1604.0,47.8,21.6,0.74,1.79,2,0
21.98,1999.0,38.43,22.0,0.15,1.21,3,0
24.87,383.0,74.55,28.2,0.46,0.5,4,0
24.61,1386.0,77.24,37.4,0.32,1.85,5,0
38.95,2608.0,38.47,18.9,0.34,0.5,2,0
40.16,248.0,34.22,27.4,0.3,2.62,3,0
39.34,1921.0,94.8,16.0,0.55,1.11,0,0
34.27,1709.0,98.86,27.7,0.48,0.5,1,0
22.92,2143.0,47.25,22.0,0.78,0.5,1,0
39.6,1413.0,73.12,11.7,0.29,2.02,0,1
26.86,2095.0,99.86,22.3,0.8,2.45,5,0
30.23,2108.0,85.23,23.7,0.51,2.34,0,0
43.38,1598.0,142.5,22.7,0.52,0.55,1,1
30.84,918.0,26.31,18.1,0.34,3.1,2,0
32.47,1957.0,17.73,30.4,0.59,3.28,2,0
15.87,1013.0,108.91,28.0,0.78,3.03,2,1
34.87,1431.0,94.0,24.9,0.32,2.96,1,0
20.2,1973.0,58.08,15.2,0.73,2.16,0,0
40.12,2046.0,123.49,17.3,0.36,2.76,1,1
28.15,1326.0,54.2,25.8,0.41,3.7,1,1
7.64,1813.0,100.48,32.0,0.55,2.19,3,0
26.42,729.0,72.82,27.3,0.49,1.73,3,0
27.72,1264.0,49.0,18.8,0.48,1.15,1,1
34.85,2234.0,63.04,21.2,0.5,0.5,3,1
36.71,2172.0,126.86,28.7,0.91,4.1,1,1
26.72,1835.0,64.55,11.0,0.53,2.4,0,0
40.13,1429.0,140.33,10.2,0.28,4.06,2,1
5.0,1924.0,86.22,27.4,0.26,3.0,2,0
22.86,1488.0,69.86,21.0,0.44,2.84,4,1
18.88,1584.0,39.83,13.5,0.88,4.06,4,0
17.46,1544.0,107.06,18.7,1.01,2.06,5,0
39.6,1112.0,88.25,17.6,0.69,1.49,2,0
38.29,1863.0,76.87,23.6,0.26,0.68,0,0
22.24,965.0,84.0,19.2,0.31,1.03,2,0
41.78,1888.0,75.14,23.1,0.26,0.57,1,0
31.01,1020.0,32.14,31.1,0.32,1.73,1,0
25.78,1139.0,106.18,21.4,0.1,0.5,3,1
23.07,200.0,154.29,19.3,0.61,0.5,1,0
22.22,1422.0,147.92,16.5,0.38,0.5,1,0
34.73,1595.0,84.22,16.7,0.87,1.2,2,1
36.5,1914.0,69.86,19.3,0.58,1.71,5,1
32.39,2155.0,83.39,27.2,0.65,0.5,1,0
9.5,755.0,55.14,25.6,0.14,1.31,0,0
32.96,1992.0,91.24,9.7,0.4,3.81,3,0
35.65,1268.0,94.98,33.2,0.26,3.59,1,0
23.31,1464.0,31.88,16.2,0.17,2.18,3,1
30.43,1447.0,66.85,16.2,0.62,1.41,1,1
11.36,1275.0,114.97,18.8,0.51,0.78,4,0
17.7,1055.0,116.02,34.4,0.19,1.82,1,0
26.76,1640.0,29.67,24.5,0.76,1.89,1,1
26.9,1906.0,123.83,21.6,0.62,3.07,0,0
33.52,870.0,68.57,15.9,0.37,2.61,2,1
18.13,1490.0,78.93,21.3,0.61,2.13,3,0
26.59,1185.0,73.48,36.0,0.53,1.94,3,0
25.1,2048.0,0.0,26.1,0.38,0.94,2,0
35.28,1747.0,96.84,16.9,0.35,0.5,1,0
44.21,2254.0,15.65,17.6,0.64,2.78,1,0
47.21,726.0,113.2,24.2,0.56,1.2,1,0
14.32,2017.0,27.92,26.8,0.2,3.09,2,0
29.52,1581.0,122.41,12.0,0.65,1.62,1,0
18.87,1137.0,89.24,22.7,0.25,1.78,2,0
29.35,1745.0,104.34,25.1,0.39,1.08,1,0
34.23,2283.0,51.32,28.8,0.67,3.52,2,1
30.81,2302.0,7.64,11.6,0.47,2.13,2,0
29.51,1911.0,40.76,36.1,0.68,0.59,2,0
44.83,1004.0,92.83,17.2,0.88,1.38,3,1
37.21,1655.0,98.27,16.9,0.36,0.5,3,0
27.27,1671.0,45.58,16.5,0.62,1.97,0,0
30.24,2121.0,133.02,24.1,0.67,0.5,0,0
38.71,1418.0,79.24,13.5,0.75,0.5,1,0
36.1,1508.0,14.39,32.2,0.53,4.43,1,1
25.75,1173.0,90.77,16.8,0.32,4.53,3,0
12.25,1834.0,49.09,20.9,0.19,1.96,0,0
18.15,1392.0,112.89,12.2,0.65,3.42,1,0
31.46,1593.0,89.0,16.3,0.7,1.36,3,0
12.13,1265.0,86.02,5.9,0.7,1.27,1,0
28.48,1524.0,68.45,19.8,0.63,2.67,2,0
25.46,960.0,124.93,19.3,0.29,2.87,3,0
39.99,1580.0,43.64,7.7,0.69,1.87,3,0
16.82,1199.0,93.45,18.7,0.12,3.55,1,1
10.68,1850.0,81.68,23.5,0.66,3.75,4,0
25.8,2424.0,38.66,29.5,0.29,3.17,1,0
36.35,1923.0,76.99,13.6,0.28,1.97,0,0
40.7,940.0,42.15,7.3,0.22,4.05,1,1
20.91,1320.0,161.62,19.1,0.13,3.59,2,0
34.7,695.0,120.64,32.6,0.68,1.46,0,0
18.89,1507.0,14.65,17.8,0.23,2.29,1,0
